AFFECTED,REALLOCATED,AVERAGE LAYOUT,AVERAGE TIME DIFFRENCE,SOL TIME
505,174,1.2298850574712643,53288.097701149425,45750.04959106445
